http://localhost/xre2113qa.nightly/api/search/awx_leaseperiod,POST,"{""ResultsFormat"": null, ""From"": 0, ""SelectedDateTimeFacets"": null, ""Relations"": [], ""PinTo"": {""lat"": -27.47018, ""lon"": 153.02911}, ""NumericFacetFilters"": [], ""OrderBy"": [{""Field"": ""_score"", ""IsDescending"": ""true""}], ""GeoPolygonFilters"": [], ""TermFacetFilters"": [], ""FieldFilters"": [], ""GeoDistanceFacetFilters"": [], ""ScriptFilters"": [], ""Ids"": [], ""SelectedNumericFacets"": null, ""RelationCounts"": [], ""Options"": null, ""SelectedTermFacets"": null, ""DateTimeFacetFilters"": [], ""TermFacetSize"": 1, ""SelectedGeoFacets"": null, ""Query"": ""*"", ""Size"": 1}",0.486,2272
http://localhost/xre2113qa.nightly/api/search/awx_image,POST,"{""ResultsFormat"": null, ""From"": 0, ""SelectedDateTimeFacets"": null, ""Relations"": [], ""PinTo"": {""lat"": -27.47018, ""lon"": 153.02911}, ""NumericFacetFilters"": [], ""OrderBy"": [{""Field"": ""_score"", ""IsDescending"": ""true""}], ""GeoPolygonFilters"": [], ""TermFacetFilters"": [], ""FieldFilters"": [], ""GeoDistanceFacetFilters"": [], ""ScriptFilters"": [], ""Ids"": [], ""SelectedNumericFacets"": null, ""RelationCounts"": [], ""Options"": null, ""SelectedTermFacets"": null, ""DateTimeFacetFilters"": [], ""TermFacetSize"": 1, ""SelectedGeoFacets"": null, ""Query"": ""*"", ""Size"": 1}",0.573,2311
http://localhost/xre2113qa.nightly/api/search/activitypointer,POST,"{""ResultsFormat"": null, ""From"": 0, ""SelectedDateTimeFacets"": null, ""Relations"": [], ""PinTo"": {""lat"": -27.47018, ""lon"": 153.02911}, ""NumericFacetFilters"": [], ""OrderBy"": [{""Field"": ""_score"", ""IsDescending"": ""true""}], ""GeoPolygonFilters"": [], ""TermFacetFilters"": [], ""FieldFilters"": [], ""GeoDistanceFacetFilters"": [], ""ScriptFilters"": [], ""Ids"": [], ""SelectedNumericFacets"": null, ""RelationCounts"": [], ""Options"": null, ""SelectedTermFacets"": null, ""DateTimeFacetFilters"": [], ""TermFacetSize"": 1, ""SelectedGeoFacets"": null, ""Query"": ""*"", ""Size"": 1}",0.501,4844
http://localhost/xre2113qa.nightly/api/search/connectionroleassociation,POST,"{""ResultsFormat"": null, ""From"": 0, ""SelectedDateTimeFacets"": null, ""Relations"": [], ""PinTo"": {""lat"": -27.47018, ""lon"": 153.02911}, ""NumericFacetFilters"": [], ""OrderBy"": [{""Field"": ""_score"", ""IsDescending"": ""true""}], ""GeoPolygonFilters"": [], ""TermFacetFilters"": [], ""FieldFilters"": [], ""GeoDistanceFacetFilters"": [], ""ScriptFilters"": [], ""Ids"": [], ""SelectedNumericFacets"": null, ""RelationCounts"": [], ""Options"": null, ""SelectedTermFacets"": null, ""DateTimeFacetFilters"": [], ""TermFacetSize"": 1, ""SelectedGeoFacets"": null, ""Query"": ""*"", ""Size"": 1}",0.577,1932
http://localhost/xre2113qa.nightly/api/search/transactioncurrency,POST,"{""ResultsFormat"": null, ""From"": 0, ""SelectedDateTimeFacets"": null, ""Relations"": [], ""PinTo"": {""lat"": -27.47018, ""lon"": 153.02911}, ""NumericFacetFilters"": [], ""OrderBy"": [{""Field"": ""_score"", ""IsDescending"": ""true""}], ""GeoPolygonFilters"": [], ""TermFacetFilters"": [], ""FieldFilters"": [], ""GeoDistanceFacetFilters"": [], ""ScriptFilters"": [], ""Ids"": [], ""SelectedNumericFacets"": null, ""RelationCounts"": [], ""Options"": null, ""SelectedTermFacets"": null, ""DateTimeFacetFilters"": [], ""TermFacetSize"": 1, ""SelectedGeoFacets"": null, ""Query"": ""*"", ""Size"": 1}",0.731,2206
http://localhost/xre2113qa.nightly/api/search/awx_adhoclistmember,POST,"{""ResultsFormat"": null, ""From"": 0, ""SelectedDateTimeFacets"": null, ""Relations"": [], ""PinTo"": {""lat"": -27.47018, ""lon"": 153.02911}, ""NumericFacetFilters"": [], ""OrderBy"": [{""Field"": ""_score"", ""IsDescending"": ""true""}], ""GeoPolygonFilters"": [], ""TermFacetFilters"": [], ""FieldFilters"": [], ""GeoDistanceFacetFilters"": [], ""ScriptFilters"": [], ""Ids"": [], ""SelectedNumericFacets"": null, ""RelationCounts"": [], ""Options"": null, ""SelectedTermFacets"": null, ""DateTimeFacetFilters"": [], ""TermFacetSize"": 1, ""SelectedGeoFacets"": null, ""Query"": ""*"", ""Size"": 1}",0.724,2970
http://localhost/xre2113qa.nightly/api/search/annotation,POST,"{""ResultsFormat"": null, ""From"": 0, ""SelectedDateTimeFacets"": null, ""Relations"": [], ""PinTo"": {""lat"": -27.47018, ""lon"": 153.02911}, ""NumericFacetFilters"": [], ""OrderBy"": [{""Field"": ""_score"", ""IsDescending"": ""true""}], ""GeoPolygonFilters"": [], ""TermFacetFilters"": [], ""FieldFilters"": [], ""GeoDistanceFacetFilters"": [], ""ScriptFilters"": [], ""Ids"": [], ""SelectedNumericFacets"": null, ""RelationCounts"": [], ""Options"": null, ""SelectedTermFacets"": null, ""DateTimeFacetFilters"": [], ""TermFacetSize"": 1, ""SelectedGeoFacets"": null, ""Query"": ""*"", ""Size"": 1}",0.617,2164
http://localhost/xre2113qa.nightly/api/search/activityparty,POST,"{""ResultsFormat"": null, ""From"": 0, ""SelectedDateTimeFacets"": null, ""Relations"": [], ""PinTo"": {""lat"": -27.47018, ""lon"": 153.02911}, ""NumericFacetFilters"": [], ""OrderBy"": [{""Field"": ""_score"", ""IsDescending"": ""true""}], ""GeoPolygonFilters"": [], ""TermFacetFilters"": [], ""FieldFilters"": [], ""GeoDistanceFacetFilters"": [], ""ScriptFilters"": [], ""Ids"": [], ""SelectedNumericFacets"": null, ""RelationCounts"": [], ""Options"": null, ""SelectedTermFacets"": null, ""DateTimeFacetFilters"": [], ""TermFacetSize"": 1, ""SelectedGeoFacets"": null, ""Query"": ""*"", ""Size"": 1}",0.629,2909
http://localhost/xre2113qa.nightly/api/search/awx_preference,POST,"{""ResultsFormat"": null, ""From"": 0, ""SelectedDateTimeFacets"": null, ""Relations"": [], ""PinTo"": {""lat"": -27.47018, ""lon"": 153.02911}, ""NumericFacetFilters"": [], ""OrderBy"": [{""Field"": ""_score"", ""IsDescending"": ""true""}], ""GeoPolygonFilters"": [], ""TermFacetFilters"": [], ""FieldFilters"": [], ""GeoDistanceFacetFilters"": [], ""ScriptFilters"": [], ""Ids"": [], ""SelectedNumericFacets"": null, ""RelationCounts"": [], ""Options"": null, ""SelectedTermFacets"": null, ""DateTimeFacetFilters"": [], ""TermFacetSize"": 1, ""SelectedGeoFacets"": null, ""Query"": ""*"", ""Size"": 1}",0.571,7751
http://localhost/xre2113qa.nightly/api/search/awx_propertysale,POST,"{""ResultsFormat"": null, ""From"": 0, ""SelectedDateTimeFacets"": null, ""Relations"": [], ""PinTo"": {""lat"": -27.47018, ""lon"": 153.02911}, ""NumericFacetFilters"": [], ""OrderBy"": [{""Field"": ""_score"", ""IsDescending"": ""true""}], ""GeoPolygonFilters"": [], ""TermFacetFilters"": [], ""FieldFilters"": [], ""GeoDistanceFacetFilters"": [], ""ScriptFilters"": [], ""Ids"": [], ""SelectedNumericFacets"": null, ""RelationCounts"": [], ""Options"": null, ""SelectedTermFacets"": null, ""DateTimeFacetFilters"": [], ""TermFacetSize"": 1, ""SelectedGeoFacets"": null, ""Query"": ""*"", ""Size"": 1}",0.989,6174
http://localhost/xre2113qa.nightly/api/search/list,POST,"{""ResultsFormat"": null, ""From"": 0, ""SelectedDateTimeFacets"": null, ""Relations"": [], ""PinTo"": {""lat"": -27.47018, ""lon"": 153.02911}, ""NumericFacetFilters"": [], ""OrderBy"": [{""Field"": ""_score"", ""IsDescending"": ""true""}], ""GeoPolygonFilters"": [], ""TermFacetFilters"": [], ""FieldFilters"": [], ""GeoDistanceFacetFilters"": [], ""ScriptFilters"": [], ""Ids"": [], ""SelectedNumericFacets"": null, ""RelationCounts"": [], ""Options"": null, ""SelectedTermFacets"": null, ""DateTimeFacetFilters"": [], ""TermFacetSize"": 1, ""SelectedGeoFacets"": null, ""Query"": ""*"", ""Size"": 1}",1.725,2874
http://localhost/xre2113qa.nightly/api/search/listmember,POST,"{""ResultsFormat"": null, ""From"": 0, ""SelectedDateTimeFacets"": null, ""Relations"": [], ""PinTo"": {""lat"": -27.47018, ""lon"": 153.02911}, ""NumericFacetFilters"": [], ""OrderBy"": [{""Field"": ""_score"", ""IsDescending"": ""true""}], ""GeoPolygonFilters"": [], ""TermFacetFilters"": [], ""FieldFilters"": [], ""GeoDistanceFacetFilters"": [], ""ScriptFilters"": [], ""Ids"": [], ""SelectedNumericFacets"": null, ""RelationCounts"": [], ""Options"": null, ""SelectedTermFacets"": null, ""DateTimeFacetFilters"": [], ""TermFacetSize"": 1, ""SelectedGeoFacets"": null, ""Query"": ""*"", ""Size"": 1}",0.871,2160
http://localhost/xre2113qa.nightly/api/search/connectionrole,POST,"{""ResultsFormat"": null, ""From"": 0, ""SelectedDateTimeFacets"": null, ""Relations"": [], ""PinTo"": {""lat"": -27.47018, ""lon"": 153.02911}, ""NumericFacetFilters"": [], ""OrderBy"": [{""Field"": ""_score"", ""IsDescending"": ""true""}], ""GeoPolygonFilters"": [], ""TermFacetFilters"": [], ""FieldFilters"": [], ""GeoDistanceFacetFilters"": [], ""ScriptFilters"": [], ""Ids"": [], ""SelectedNumericFacets"": null, ""RelationCounts"": [], ""Options"": null, ""SelectedTermFacets"": null, ""DateTimeFacetFilters"": [], ""TermFacetSize"": 1, ""SelectedGeoFacets"": null, ""Query"": ""*"", ""Size"": 1}",0.578,2210
http://localhost/xre2113qa.nightly/api/search/awx_commission,POST,"{""ResultsFormat"": null, ""From"": 0, ""SelectedDateTimeFacets"": null, ""Relations"": [], ""PinTo"": {""lat"": -27.47018, ""lon"": 153.02911}, ""NumericFacetFilters"": [], ""OrderBy"": [{""Field"": ""_score"", ""IsDescending"": ""true""}], ""GeoPolygonFilters"": [], ""TermFacetFilters"": [], ""FieldFilters"": [], ""GeoDistanceFacetFilters"": [], ""ScriptFilters"": [], ""Ids"": [], ""SelectedNumericFacets"": null, ""RelationCounts"": [], ""Options"": null, ""SelectedTermFacets"": null, ""DateTimeFacetFilters"": [], ""TermFacetSize"": 1, ""SelectedGeoFacets"": null, ""Query"": ""*"", ""Size"": 1}",1.363,2278
http://localhost/xre2113qa.nightly/api/search/awx_listing,POST,"{""ResultsFormat"": null, ""From"": 0, ""SelectedDateTimeFacets"": null, ""Relations"": [], ""PinTo"": {""lat"": -27.47018, ""lon"": 153.02911}, ""NumericFacetFilters"": [], ""OrderBy"": [{""Field"": ""_score"", ""IsDescending"": ""true""}], ""GeoPolygonFilters"": [], ""TermFacetFilters"": [], ""FieldFilters"": [], ""GeoDistanceFacetFilters"": [], ""ScriptFilters"": [], ""Ids"": [], ""SelectedNumericFacets"": null, ""RelationCounts"": [], ""Options"": null, ""SelectedTermFacets"": null, ""DateTimeFacetFilters"": [], ""TermFacetSize"": 1, ""SelectedGeoFacets"": null, ""Query"": ""*"", ""Size"": 1}",0.741,9572
http://localhost/xre2113qa.nightly/api/search/awx_availability,POST,"{""ResultsFormat"": null, ""From"": 0, ""SelectedDateTimeFacets"": null, ""Relations"": [], ""PinTo"": {""lat"": -27.47018, ""lon"": 153.02911}, ""NumericFacetFilters"": [], ""OrderBy"": [{""Field"": ""_score"", ""IsDescending"": ""true""}], ""GeoPolygonFilters"": [], ""TermFacetFilters"": [], ""FieldFilters"": [], ""GeoDistanceFacetFilters"": [], ""ScriptFilters"": [], ""Ids"": [], ""SelectedNumericFacets"": null, ""RelationCounts"": [], ""Options"": null, ""SelectedTermFacets"": null, ""DateTimeFacetFilters"": [], ""TermFacetSize"": 1, ""SelectedGeoFacets"": null, ""Query"": ""*"", ""Size"": 1}",0.519,13520
http://localhost/xre2113qa.nightly/api/search/awx_property,POST,"{""ResultsFormat"": null, ""From"": 0, ""SelectedDateTimeFacets"": null, ""Relations"": [], ""PinTo"": {""lat"": -27.47018, ""lon"": 153.02911}, ""NumericFacetFilters"": [], ""OrderBy"": [{""Field"": ""_score"", ""IsDescending"": ""true""}], ""GeoPolygonFilters"": [], ""TermFacetFilters"": [], ""FieldFilters"": [], ""GeoDistanceFacetFilters"": [], ""ScriptFilters"": [], ""Ids"": [], ""SelectedNumericFacets"": null, ""RelationCounts"": [], ""Options"": null, ""SelectedTermFacets"": null, ""DateTimeFacetFilters"": [], ""TermFacetSize"": 1, ""SelectedGeoFacets"": null, ""Query"": ""*"", ""Size"": 1}",0.53,12617
http://localhost/xre2113qa.nightly/api/search/awx_adhoclist,POST,"{""ResultsFormat"": null, ""From"": 0, ""SelectedDateTimeFacets"": null, ""Relations"": [], ""PinTo"": {""lat"": -27.47018, ""lon"": 153.02911}, ""NumericFacetFilters"": [], ""OrderBy"": [{""Field"": ""_score"", ""IsDescending"": ""true""}], ""GeoPolygonFilters"": [], ""TermFacetFilters"": [], ""FieldFilters"": [], ""GeoDistanceFacetFilters"": [], ""ScriptFilters"": [], ""Ids"": [], ""SelectedNumericFacets"": null, ""RelationCounts"": [], ""Options"": null, ""SelectedTermFacets"": null, ""DateTimeFacetFilters"": [], ""TermFacetSize"": 1, ""SelectedGeoFacets"": null, ""Query"": ""*"", ""Size"": 1}",0.242,2578
http://localhost/xre2113qa.nightly/api/search/connection,POST,"{""ResultsFormat"": null, ""From"": 0, ""SelectedDateTimeFacets"": null, ""Relations"": [], ""PinTo"": {""lat"": -27.47018, ""lon"": 153.02911}, ""NumericFacetFilters"": [], ""OrderBy"": [{""Field"": ""_score"", ""IsDescending"": ""true""}], ""GeoPolygonFilters"": [], ""TermFacetFilters"": [], ""FieldFilters"": [], ""GeoDistanceFacetFilters"": [], ""ScriptFilters"": [], ""Ids"": [], ""SelectedNumericFacets"": null, ""RelationCounts"": [], ""Options"": null, ""SelectedTermFacets"": null, ""DateTimeFacetFilters"": [], ""TermFacetSize"": 1, ""SelectedGeoFacets"": null, ""Query"": ""*"", ""Size"": 1}",0.386,2891
http://localhost/xre2113qa.nightly/api/search/awx_geography,POST,"{""ResultsFormat"": null, ""From"": 0, ""SelectedDateTimeFacets"": null, ""Relations"": [], ""PinTo"": {""lat"": -27.47018, ""lon"": 153.02911}, ""NumericFacetFilters"": [], ""OrderBy"": [{""Field"": ""_score"", ""IsDescending"": ""true""}], ""GeoPolygonFilters"": [], ""TermFacetFilters"": [], ""FieldFilters"": [], ""GeoDistanceFacetFilters"": [], ""ScriptFilters"": [], ""Ids"": [], ""SelectedNumericFacets"": null, ""RelationCounts"": [], ""Options"": null, ""SelectedTermFacets"": null, ""DateTimeFacetFilters"": [], ""TermFacetSize"": 1, ""SelectedGeoFacets"": null, ""Query"": ""*"", ""Size"": 1}",0.486,2412
http://localhost/xre2113qa.nightly/api/search/awx_lease,POST,"{""ResultsFormat"": null, ""From"": 0, ""SelectedDateTimeFacets"": null, ""Relations"": [], ""PinTo"": {""lat"": -27.47018, ""lon"": 153.02911}, ""NumericFacetFilters"": [], ""OrderBy"": [{""Field"": ""_score"", ""IsDescending"": ""true""}], ""GeoPolygonFilters"": [], ""TermFacetFilters"": [], ""FieldFilters"": [], ""GeoDistanceFacetFilters"": [], ""ScriptFilters"": [], ""Ids"": [], ""SelectedNumericFacets"": null, ""RelationCounts"": [], ""Options"": null, ""SelectedTermFacets"": null, ""DateTimeFacetFilters"": [], ""TermFacetSize"": 1, ""SelectedGeoFacets"": null, ""Query"": ""*"", ""Size"": 1}",0.876,17308
http://localhost/xre2113qa.nightly/api/search/systemuser,POST,"{""ResultsFormat"": null, ""From"": 0, ""SelectedDateTimeFacets"": null, ""Relations"": [], ""PinTo"": {""lat"": -27.47018, ""lon"": 153.02911}, ""NumericFacetFilters"": [], ""OrderBy"": [{""Field"": ""_score"", ""IsDescending"": ""true""}], ""GeoPolygonFilters"": [], ""TermFacetFilters"": [], ""FieldFilters"": [], ""GeoDistanceFacetFilters"": [], ""ScriptFilters"": [], ""Ids"": [], ""SelectedNumericFacets"": null, ""RelationCounts"": [], ""Options"": null, ""SelectedTermFacets"": null, ""DateTimeFacetFilters"": [], ""TermFacetSize"": 1, ""SelectedGeoFacets"": null, ""Query"": ""*"", ""Size"": 1}",0.701,3880
http://localhost/xre2113qa.nightly/api/search/opportunity,POST,"{""ResultsFormat"": null, ""From"": 0, ""SelectedDateTimeFacets"": null, ""Relations"": [], ""PinTo"": {""lat"": -27.47018, ""lon"": 153.02911}, ""NumericFacetFilters"": [], ""OrderBy"": [{""Field"": ""_score"", ""IsDescending"": ""true""}], ""GeoPolygonFilters"": [], ""TermFacetFilters"": [], ""FieldFilters"": [], ""GeoDistanceFacetFilters"": [], ""ScriptFilters"": [], ""Ids"": [], ""SelectedNumericFacets"": null, ""RelationCounts"": [], ""Options"": null, ""SelectedTermFacets"": null, ""DateTimeFacetFilters"": [], ""TermFacetSize"": 1, ""SelectedGeoFacets"": null, ""Query"": ""*"", ""Size"": 1}",1.109,10139
http://localhost/xre2113qa.nightly/api/search/account,POST,"{""ResultsFormat"": null, ""From"": 0, ""SelectedDateTimeFacets"": null, ""Relations"": [], ""PinTo"": {""lat"": -27.47018, ""lon"": 153.02911}, ""NumericFacetFilters"": [], ""OrderBy"": [{""Field"": ""_score"", ""IsDescending"": ""true""}], ""GeoPolygonFilters"": [], ""TermFacetFilters"": [], ""FieldFilters"": [], ""GeoDistanceFacetFilters"": [], ""ScriptFilters"": [], ""Ids"": [], ""SelectedNumericFacets"": null, ""RelationCounts"": [], ""Options"": null, ""SelectedTermFacets"": null, ""DateTimeFacetFilters"": [], ""TermFacetSize"": 1, ""SelectedGeoFacets"": null, ""Query"": ""*"", ""Size"": 1}",0.578,16240
http://localhost/xre2113qa.nightly/api/search/awx_floor,POST,"{""ResultsFormat"": null, ""From"": 0, ""SelectedDateTimeFacets"": null, ""Relations"": [], ""PinTo"": {""lat"": -27.47018, ""lon"": 153.02911}, ""NumericFacetFilters"": [], ""OrderBy"": [{""Field"": ""_score"", ""IsDescending"": ""true""}], ""GeoPolygonFilters"": [], ""TermFacetFilters"": [], ""FieldFilters"": [], ""GeoDistanceFacetFilters"": [], ""ScriptFilters"": [], ""Ids"": [], ""SelectedNumericFacets"": null, ""RelationCounts"": [], ""Options"": null, ""SelectedTermFacets"": null, ""DateTimeFacetFilters"": [], ""TermFacetSize"": 1, ""SelectedGeoFacets"": null, ""Query"": ""*"", ""Size"": 1}",0.414,1984
http://localhost/xre2113qa.nightly/api/search/connectionroleobjecttypecode,POST,"{""ResultsFormat"": null, ""From"": 0, ""SelectedDateTimeFacets"": null, ""Relations"": [], ""PinTo"": {""lat"": -27.47018, ""lon"": 153.02911}, ""NumericFacetFilters"": [], ""OrderBy"": [{""Field"": ""_score"", ""IsDescending"": ""true""}], ""GeoPolygonFilters"": [], ""TermFacetFilters"": [], ""FieldFilters"": [], ""GeoDistanceFacetFilters"": [], ""ScriptFilters"": [], ""Ids"": [], ""SelectedNumericFacets"": null, ""RelationCounts"": [], ""Options"": null, ""SelectedTermFacets"": null, ""DateTimeFacetFilters"": [], ""TermFacetSize"": 1, ""SelectedGeoFacets"": null, ""Query"": ""*"", ""Size"": 1}",0.422,2044
http://localhost/xre2113qa.nightly/api/search/contact,POST,"{""ResultsFormat"": null, ""From"": 0, ""SelectedDateTimeFacets"": null, ""Relations"": [], ""PinTo"": {""lat"": -27.47018, ""lon"": 153.02911}, ""NumericFacetFilters"": [], ""OrderBy"": [{""Field"": ""_score"", ""IsDescending"": ""true""}], ""GeoPolygonFilters"": [], ""TermFacetFilters"": [], ""FieldFilters"": [], ""GeoDistanceFacetFilters"": [], ""ScriptFilters"": [], ""Ids"": [], ""SelectedNumericFacets"": null, ""RelationCounts"": [], ""Options"": null, ""SelectedTermFacets"": null, ""DateTimeFacetFilters"": [], ""TermFacetSize"": 1, ""SelectedGeoFacets"": null, ""Query"": ""*"", ""Size"": 1}",1.031,16802
http://localhost/xre2113qa.nightly/api/search/awx_property,POST,"{""ResultsFormat"": null, ""From"": 0, ""SelectedDateTimeFacets"": null, ""Relations"": [], ""PinTo"": {""lat"": -27.47018, ""lon"": 153.02911}, ""NumericFacetFilters"": [], ""OrderBy"": [{""Field"": ""_score"", ""IsDescending"": ""true""}], ""GeoPolygonFilters"": [], ""TermFacetFilters"": [], ""FieldFilters"": [], ""GeoDistanceFacetFilters"": [], ""ScriptFilters"": [], ""Ids"": [], ""SelectedNumericFacets"": null, ""RelationCounts"": [], ""Options"": null, ""SelectedTermFacets"": null, ""DateTimeFacetFilters"": [], ""TermFacetSize"": 25, ""SelectedGeoFacets"": null, ""Query"": ""*"", ""Size"": 25}",0.802,44239
http://localhost/xre2113qa.nightly/api/search/awx_availability,POST,"{""ResultsFormat"": null, ""From"": 0, ""SelectedDateTimeFacets"": null, ""Relations"": [], ""PinTo"": {""lat"": -27.47018, ""lon"": 153.02911}, ""NumericFacetFilters"": [], ""OrderBy"": [{""Field"": ""_score"", ""IsDescending"": ""true""}], ""GeoPolygonFilters"": [], ""TermFacetFilters"": [], ""FieldFilters"": [], ""GeoDistanceFacetFilters"": [], ""ScriptFilters"": [], ""Ids"": [], ""SelectedNumericFacets"": null, ""RelationCounts"": [], ""Options"": null, ""SelectedTermFacets"": null, ""DateTimeFacetFilters"": [], ""TermFacetSize"": 25, ""SelectedGeoFacets"": null, ""Query"": ""*"", ""Size"": 25}",1.214,51017
http://localhost/xre2113qa.nightly/api/search/awx_listing,POST,"{""ResultsFormat"": null, ""From"": 0, ""SelectedDateTimeFacets"": null, ""Relations"": [], ""PinTo"": {""lat"": -27.47018, ""lon"": 153.02911}, ""NumericFacetFilters"": [], ""OrderBy"": [{""Field"": ""_score"", ""IsDescending"": ""true""}], ""GeoPolygonFilters"": [], ""TermFacetFilters"": [], ""FieldFilters"": [], ""GeoDistanceFacetFilters"": [], ""ScriptFilters"": [], ""Ids"": [], ""SelectedNumericFacets"": null, ""RelationCounts"": [], ""Options"": null, ""SelectedTermFacets"": null, ""DateTimeFacetFilters"": [], ""TermFacetSize"": 25, ""SelectedGeoFacets"": null, ""Query"": ""*"", ""Size"": 25}",1.405,21983
http://localhost/xre2113qa.nightly/api/search/awx_lease,POST,"{""ResultsFormat"": null, ""From"": 0, ""SelectedDateTimeFacets"": null, ""Relations"": [], ""PinTo"": {""lat"": -27.47018, ""lon"": 153.02911}, ""NumericFacetFilters"": [], ""OrderBy"": [{""Field"": ""_score"", ""IsDescending"": ""true""}], ""GeoPolygonFilters"": [], ""TermFacetFilters"": [], ""FieldFilters"": [], ""GeoDistanceFacetFilters"": [], ""ScriptFilters"": [], ""Ids"": [], ""SelectedNumericFacets"": null, ""RelationCounts"": [], ""Options"": null, ""SelectedTermFacets"": null, ""DateTimeFacetFilters"": [], ""TermFacetSize"": 25, ""SelectedGeoFacets"": null, ""Query"": ""*"", ""Size"": 25}",1.8980000000000001,54547
http://localhost/xre2113qa.nightly/api/search/opportunity,POST,"{""ResultsFormat"": null, ""From"": 0, ""SelectedDateTimeFacets"": null, ""Relations"": [], ""PinTo"": {""lat"": -27.47018, ""lon"": 153.02911}, ""NumericFacetFilters"": [], ""OrderBy"": [{""Field"": ""_score"", ""IsDescending"": ""true""}], ""GeoPolygonFilters"": [], ""TermFacetFilters"": [], ""FieldFilters"": [], ""GeoDistanceFacetFilters"": [], ""ScriptFilters"": [], ""Ids"": [], ""SelectedNumericFacets"": null, ""RelationCounts"": [], ""Options"": null, ""SelectedTermFacets"": null, ""DateTimeFacetFilters"": [], ""TermFacetSize"": 25, ""SelectedGeoFacets"": null, ""Query"": ""*"", ""Size"": 25}",1.113,36830
http://localhost/xre2113qa.nightly/api/search/contact,POST,"{""ResultsFormat"": null, ""From"": 0, ""SelectedDateTimeFacets"": null, ""Relations"": [], ""PinTo"": {""lat"": -27.47018, ""lon"": 153.02911}, ""NumericFacetFilters"": [], ""OrderBy"": [{""Field"": ""_score"", ""IsDescending"": ""true""}], ""GeoPolygonFilters"": [], ""TermFacetFilters"": [], ""FieldFilters"": [], ""GeoDistanceFacetFilters"": [], ""ScriptFilters"": [], ""Ids"": [], ""SelectedNumericFacets"": null, ""RelationCounts"": [], ""Options"": null, ""SelectedTermFacets"": null, ""DateTimeFacetFilters"": [], ""TermFacetSize"": 25, ""SelectedGeoFacets"": null, ""Query"": ""*"", ""Size"": 25}",0.983,60304
http://localhost/xre2113qa.nightly/api/search/account,POST,"{""ResultsFormat"": null, ""From"": 0, ""SelectedDateTimeFacets"": null, ""Relations"": [], ""PinTo"": {""lat"": -27.47018, ""lon"": 153.02911}, ""NumericFacetFilters"": [], ""OrderBy"": [{""Field"": ""_score"", ""IsDescending"": ""true""}], ""GeoPolygonFilters"": [], ""TermFacetFilters"": [], ""FieldFilters"": [], ""GeoDistanceFacetFilters"": [], ""ScriptFilters"": [], ""Ids"": [], ""SelectedNumericFacets"": null, ""RelationCounts"": [], ""Options"": null, ""SelectedTermFacets"": null, ""DateTimeFacetFilters"": [], ""TermFacetSize"": 25, ""SelectedGeoFacets"": null, ""Query"": ""*"", ""Size"": 25}",0.564,55569
