"http://localhost/xre2113qa.nightly/api/search/account,opportunity",POST,"{""ResultsFormat"": null, ""From"": 0, ""SelectedDateTimeFacets"": null, ""Relations"": [], ""PinTo"": {""lat"": -27.47018, ""lon"": 153.02911}, ""NumericFacetFilters"": [], ""OrderBy"": [{""Field"": ""_score"", ""IsDescending"": ""true""}], ""GeoPolygonFilters"": [], ""TermFacetFilters"": [], ""FieldFilters"": [], ""GeoDistanceFacetFilters"": [], ""ScriptFilters"": [], ""Ids"": [], ""SelectedNumericFacets"": null, ""RelationCounts"": [], ""Options"": null, ""SelectedTermFacets"": null, ""DateTimeFacetFilters"": [], ""TermFacetSize"": 25, ""SelectedGeoFacets"": null, ""Query"": ""*"", ""Size"": 25}",2.6390000000000002,37101
"http://localhost/xre2113qa.nightly/api/search/contact,opportunity,awx_lease",POST,"{""ResultsFormat"": null, ""From"": 0, ""SelectedDateTimeFacets"": null, ""Relations"": [], ""PinTo"": {""lat"": -27.47018, ""lon"": 153.02911}, ""NumericFacetFilters"": [], ""OrderBy"": [{""Field"": ""_score"", ""IsDescending"": ""true""}], ""GeoPolygonFilters"": [], ""TermFacetFilters"": [], ""FieldFilters"": [], ""GeoDistanceFacetFilters"": [], ""ScriptFilters"": [], ""Ids"": [], ""SelectedNumericFacets"": null, ""RelationCounts"": [], ""Options"": null, ""SelectedTermFacets"": null, ""DateTimeFacetFilters"": [], ""TermFacetSize"": 25, ""SelectedGeoFacets"": null, ""Query"": ""*"", ""Size"": 25}",2.874,38892
"http://localhost/xre2113qa.nightly/api/search/account,opportunity,awx_lease,awx_listing",POST,"{""ResultsFormat"": null, ""From"": 0, ""SelectedDateTimeFacets"": null, ""Relations"": [], ""PinTo"": {""lat"": -27.47018, ""lon"": 153.02911}, ""NumericFacetFilters"": [], ""OrderBy"": [{""Field"": ""_score"", ""IsDescending"": ""true""}], ""GeoPolygonFilters"": [], ""TermFacetFilters"": [], ""FieldFilters"": [], ""GeoDistanceFacetFilters"": [], ""ScriptFilters"": [], ""Ids"": [], ""SelectedNumericFacets"": null, ""RelationCounts"": [], ""Options"": null, ""SelectedTermFacets"": null, ""DateTimeFacetFilters"": [], ""TermFacetSize"": 25, ""SelectedGeoFacets"": null, ""Query"": ""*"", ""Size"": 25}",2.632,39352
"http://localhost/xre2113qa.nightly/api/search/contact,account,opportunity,awx_lease,awx_availability",POST,"{""ResultsFormat"": null, ""From"": 0, ""SelectedDateTimeFacets"": null, ""Relations"": [], ""PinTo"": {""lat"": -27.47018, ""lon"": 153.02911}, ""NumericFacetFilters"": [], ""OrderBy"": [{""Field"": ""_score"", ""IsDescending"": ""true""}], ""GeoPolygonFilters"": [], ""TermFacetFilters"": [], ""FieldFilters"": [], ""GeoDistanceFacetFilters"": [], ""ScriptFilters"": [], ""Ids"": [], ""SelectedNumericFacets"": null, ""RelationCounts"": [], ""Options"": null, ""SelectedTermFacets"": null, ""DateTimeFacetFilters"": [], ""TermFacetSize"": 25, ""SelectedGeoFacets"": null, ""Query"": ""*"", ""Size"": 25}",3.329,42119
"http://localhost/xre2113qa.nightly/api/search/contact,account,opportunity,awx_property,awx_availability,awx_listing",POST,"{""ResultsFormat"": null, ""From"": 0, ""SelectedDateTimeFacets"": null, ""Relations"": [], ""PinTo"": {""lat"": -27.47018, ""lon"": 153.02911}, ""NumericFacetFilters"": [], ""OrderBy"": [{""Field"": ""_score"", ""IsDescending"": ""true""}], ""GeoPolygonFilters"": [], ""TermFacetFilters"": [], ""FieldFilters"": [], ""GeoDistanceFacetFilters"": [], ""ScriptFilters"": [], ""Ids"": [], ""SelectedNumericFacets"": null, ""RelationCounts"": [], ""Options"": null, ""SelectedTermFacets"": null, ""DateTimeFacetFilters"": [], ""TermFacetSize"": 25, ""SelectedGeoFacets"": null, ""Query"": ""*"", ""Size"": 25}",3.477,41695
